,Volume,ret_1d,ret_7d,ma_7,ma_30,ma_ratio,volatility,target,direction,day_of_week,month
0,43862443.7931816,,,,,,,,,5,4
1,38736897.0186422,0.13605280254364005,,,,,,0.13605280254364005,0.0,6,4
2,18211285.4666889,-0.11861137841546743,,,,,,-0.11861137841546743,1.0,0,4
3,16747614.1218552,-0.14901264689031557,,,,,,-0.14901264689031557,0.0,1,4
4,13075275.285934,-0.02307501114498134,,,,,,-0.02307501114498134,0.0,2,4
5,21346031.3456645,0.06829801569309701,,,,,,0.06829801569309701,0.0,3,4
6,9870810.00168021,-0.04355415920891015,,0.7281823784595715,,,,-0.04355415920891015,1.0,4,4
7,9782111.900077,0.03082715525995261,-0.12322342760025629,0.7145077715427144,,,0.1011812524610608,0.03082715525995261,0.0,5,4
8,9289670.37817109,-0.10883505823445117,-0.31222163148178095,0.6751452354091428,,,0.08089225000395127,-0.10883505823445117,1.0,6,4
9,8342616.4207554,-0.11229078595238018,-0.30728945211632075,0.6409996017721429,,,0.08001806914109891,-0.11229078595238018,0.0,0,4
10,9711507.44842345,0.09065687924334065,-0.11219653075575131,0.6303902204932857,,,0.08097949383594356,0.09065687924334065,0.0,1,4
11,18828399.5228331,0.17687422908846817,0.069512025353619,0.6368116510495714,,,0.10799981173409197,0.17687422908846817,1.0,2,4
12,13485271.0516431,-0.09274674833115948,-0.09171574930664894,0.627760408814,,,0.1117349914557118,-0.09274674833115948,1.0,3,4
13,9064190.2668448,0.010813551929151899,-0.040085710608270264,0.6239767302098571,,,0.11077266672143019,0.010813551929151899,0.0,4,4
14,7311904.72226874,0.014327461279006304,-0.05545035437234236,0.6185814397651429,,,0.11016458368535988,0.014327461279006304,1.0,5,4
15,8320760.35681435,-0.012160114347996354,0.047015844318234024,0.622658178087,,,0.10030839876163672,-0.012160114347996354,1.0,6,4
16,7406934.10853669,-0.09934511142664992,0.062284725309142974,0.627452430299,,,0.09774778424960481,-0.09934511142664992,0.0,0,4
17,7470201.22321632,0.15535462324083538,0.12529943370962604,0.6379714816459999,,,0.10879012012352593,0.15535462324083538,0.0,1,4
18,8801144.47969972,0.12785248994521203,0.0784260007344697,0.6457199807798572,,,0.0982130378279681,0.12785248994521203,1.0,2,4
19,5016891.64140768,-0.07346744435344299,0.10134275815296157,0.6548040152402858,,,0.09490680662827797,-0.07346744435344299,1.0,3,4
20,4164272.07175221,0.05462527828714259,0.14907829499302783,0.6683114079342857,,,0.09582294532070935,0.05462527828714259,0.0,4,5
21,3441355.73678965,-0.017724567037515015,0.11276823590956786,0.6786752808532857,,,0.09711281862216095,-0.017724567037515015,1.0,5,5
22,3328343.6073183,-0.05076552341990359,0.06928054769867997,0.6849650276460001,,,0.10024329793955872,-0.05076552341990359,0.0,6,5
23,3443697.81828111,-0.017723602603533783,0.16618369313835113,0.6985534384131429,,,0.08900762884669051,-0.017723602603533783,0.0,0,5
24,2847469.34149937,-0.038432602472386446,-0.029419888670462857,0.6957741309595714,,,0.0699704807160818,-0.038432602472386446,0.0,1,5
25,2677562.97435084,-0.029997886131256646,-0.16525896066927592,0.6781660151092856,,,0.04013332894701407,-0.029997886131256646,0.0,2,5
26,3355830.23580211,-0.015428677558267268,-0.1129700904932347,0.6670135202882858,,,0.03391240528893408,-0.015428677558267268,0.0,3,5
27,2488194.57299153,-0.013142130276436403,-0.16996826749814142,0.6493175419525714,,,0.014128766040435748,-0.013142130276436403,0.0,4,5
28,2128502.76121917,-0.0006525300021831271,-0.15554223992760996,0.6334105390075715,,,0.01700996599168269,-0.0006525300021831271,0.0,5,5
29,2327580.79632425,-0.11164668569091396,-0.2097033257187696,0.6130533019352857,0.6610025904259333,0.9274597570642646,0.0369783321347113,-0.11164668569091396,0.0,6,5
30,2098480.82876321,-0.04052095380970644,-0.22804507849671762,0.5913078754868571,0.6522843971697999,0.906518503359096,0.0364674058900053,-0.04052095380970644,0.0,0,5
31,2198624.8775544,0.04522432720515068,-0.1608845458616932,0.5765562022492857,0.6408200212390001,0.8997162746796475,0.04746726859244282,0.04522432720515068,0.0,1,5
32,2326445.52977927,0.02219930853272567,-0.1157305486909822,0.5662630677488572,0.6332433576499333,0.8942266206318362,0.05033331702845787,0.02219930853272567,1.0,2,5
33,2047896.7931676,0.03376000726272066,-0.0715528945730487,0.55999730387,0.6301497838305999,0.8886733253574222,0.05378722106623555,0.03376000726272066,1.0,3,5
34,1850070.45437919,-0.01645632720641199,-0.07467092873060432,0.5535444329282857,0.6272531545811334,0.8824896756365158,0.0538417079806506,-0.01645632720641199,1.0,4,5
35,2300409.14570367,0.07033158809530726,-0.008944372106438947,0.5527719875088571,0.6241966345107,0.885573482692947,0.06191508441946921,0.07033158809530726,0.0,5,5
36,2936428.44886882,0.023148163185937376,0.14143407691681276,0.563622686875,0.6226053290561999,0.905264797089657,0.03733788493496606,0.023148163185937376,1.0,6,5
37,3314358.53130945,0.0647342366679684,0.2666497985739176,0.5832508846477141,0.6216577902276333,0.9382185726879483,0.029410860472401535,0.0647342366679684,1.0,0,5
38,2380263.04324887,-0.04323149103456492,0.1594550639702752,0.5955192581872856,0.6222406265539,0.9570562139045742,0.04089787284349781,-0.04323149103456492,1.0,1,5
39,2302926.39702093,-0.07254109776298079,0.05199339487578736,0.599608402452,0.6235854111418999,0.9615497600465129,0.05432109426062111,-0.07254109776298079,0.0,2,5
40,2863016.80167901,0.051384556053732044,0.06992880424116232,0.6052937901588571,0.6242939500858999,0.9695653627198718,0.05606558034087462,0.051384556053732044,0.0,3,5
41,3411419.38179332,0.0492018270849941,0.1413537469792452,0.6165970824507143,0.6225364219080666,0.990459450646842,0.0561884259751475,0.0492018270849941,1.0,4,5
42,2638523.84936932,-0.04045182108425727,0.02321927297456705,0.6185843877608571,0.6220555629316333,0.9944198309964191,0.05538734097557764,-0.04045182108425727,1.0,5,5
43,2786816.20172933,-0.10436386149108157,-0.10430161391170845,0.6094507132038572,0.6192159250881334,0.984229714565422,0.0678411024699115,-0.10436386149108157,0.0,6,5
44,4509580.33947343,0.09435187879365814,-0.07938603090693874,0.6020488711661428,0.6178001908878666,0.9745041844369019,0.07416996710929548,0.09435187879365814,0.0,0,5
45,2689697.32362274,-0.04585217866408753,-0.0819076875226824,0.5947420704777143,0.6157268681117334,0.9659186585468104,0.07437565331302658,-0.04585217866408753,1.0,1,5
46,2536915.55918301,0.030835097336851636,0.0204244910626894,0.5964319218704286,0.6163472925085666,0.9676880698914384,0.06996285178738126,0.030835097336851636,0.0,2,5
47,2662787.87087333,-0.026784391445572986,-0.05544261960543406,0.5916090846298571,0.6134760574488,0.9643556214567218,0.06752403081072628,-0.026784391445572986,1.0,3,5
48,2066857.45404741,0.007406597197157305,-0.09306931052106637,0.5831148471548572,0.6079285573955666,0.9591831804266374,0.06354423083170166,0.007406597197157305,0.0,4,5
49,2449094.83912943,0.014699971133183887,-0.04094180505460565,0.5795293310832859,0.6044914699616667,0.9587055564572916,0.0628617494791627,0.014699971133183887,1.0,5,5
50,1892967.09044357,-0.03046398840988096,0.03819108813340666,0.5825248931932858,0.5991990716485667,0.9721725562601333,0.04759710204440971,-0.03046398840988096,1.0,6,5
51,2159877.15931313,0.013110259593641649,-0.03888131122315197,0.5791874476608572,0.5945863631429665,0.9741014654276443,0.028709532625525662,0.013110259593641649,0.0,0,6
52,1295757.46418593,-0.022209231370954208,-0.01506563194047994,0.5779535580704286,0.5907575252107667,0.9783261886748373,0.024175276415046496,-0.022209231370954208,1.0,1,6
53,877446.184522142,0.03887440547677046,-0.007384295805453744,0.5773301287415714,0.5880618535852,0.9817506869758663,0.026104403564057996,0.03887440547677046,0.0,2,6
54,901641.251808101,0.0011572586471189084,0.021114343590919793,0.5790649901804285,0.5862439246003334,0.9877543559623256,0.02346587169171328,0.0011572586471189084,1.0,3,6
55,4322091.65471632,0.12575380999206698,0.14107190277815485,0.5907420236285714,0.5875296260500666,1.0054676350537446,0.05211978352996512,0.12575380999206698,1.0,4,6
56,1604055.15722887,-0.05855203100112438,0.058697009868323935,0.5956720089494285,0.5878451173159334,1.0133145473236764,0.06013030055766076,-0.05855203100112438,1.0,5,6
57,716785.469365787,-0.00942229848918219,0.08167374712750486,0.6023228424241428,0.5882336417586,1.0239517084120202,0.05828745441621813,-0.00942229848918219,0.0,6,6
58,1440233.8242528,0.0839070215768194,0.15726176737868047,0.6152968294237143,0.5903598309067334,1.0422403375220841,0.06421657241244247,0.0839070215768194,0.0,0,6
59,988327.438893434,-0.015427750903054926,0.16528797126965067,0.6286301244301429,0.5943921171262333,1.0576017183226512,0.06347144466503615,-0.015427750903054926,1.0,1,6
60,1096203.32551522,-0.01996320568513632,0.0992908110895947,0.6369509869054285,0.5987119129162,1.0638689045002863,0.06501278051170005,-0.01996320568513632,0.0,2,6
61,1122221.18826251,-0.1102942170667911,-0.02308515140428624,0.6350141443731429,0.5998841110959,1.0585613664830453,0.08079872548683383,-0.1102942170667911,0.0,3,6
62,940323.239000038,0.03508091174308392,-0.10176994010179374,0.6254019060372856,0.6013286883173666,1.040033376400651,0.06232863372060952,0.03508091174308392,0.0,4,6
63,764756.553388664,0.02538322973540552,-0.021687793491910412,0.6234734190894287,0.6026562108671334,1.0345424270868169,0.060261982476621255,0.02538322973540552,1.0,5,6
64,873415.751115423,-0.035909258114607545,-0.047846787254155476,0.6192589520288571,0.6035670295487333,1.025998640932816,0.061655308486212514,-0.035909258114607545,1.0,6,6
65,942666.189719777,-0.0279988151857834,-0.14614996259803148,0.6053055335207143,0.6026176583095,1.0044603326406905,0.04756167324970835,-0.0279988151857834,0.0,0,6
66,652020.104651764,0.026176134219871194,-0.11006984872029424,0.5949589284585715,0.6017039068290667,0.9887902034639583,0.05090064426542008,0.026176134219871194,0.0,1,6
67,673274.193458797,-0.006855284647316107,-0.09816709749726005,0.5859154015748571,0.5993336335325333,0.9776114150667837,0.05094419885317522,-0.006855284647316107,1.0,2,6
68,1349341.26909908,0.06773848271303362,0.08229227397441141,0.59266033023,0.5992170279058667,0.9890578915976721,0.037126548046583364,0.06773848271303362,0.0,3,6
69,6577470.95547564,0.1020613898911733,0.1523278172680378,0.6055835823091428,0.6027228969507,1.004746269592404,0.0503571527615055,0.1020613898911733,1.0,4,6
70,1714405.29578048,-0.059533185294823765,0.056898572528721214,0.6105332971318571,0.6038787624941667,1.0110196533658602,0.05879139237969978,-0.059533185294823765,1.0,5,6
71,2238347.1863849,0.04592652309682288,0.14661224426774044,0.6228293850857144,0.6050212334969001,1.0294339282703961,0.05637067115290553,0.04592652309682288,0.0,6,6
72,1620387.87401448,0.07977228715824558,0.2737434324354939,0.645144915916,0.6088151148790334,1.0596729617072418,0.05544384229194354,0.07977228715824558,1.0,0,6
73,1327340.25336353,-0.025522668927065006,0.20957217686127683,0.6626764147884285,0.6141232371988,1.0790609679762226,0.0602762633080146,-0.025522668927065006,1.0,1,6
74,2769053.65582756,0.04051567630150088,0.2672662827343806,0.6848809728051428,0.6186611239149666,1.1070373526481323,0.0581919985353476,0.04051567630150088,0.0,2,6
75,1751581.2295456,-0.03229373991730822,0.1485410845900692,0.6980577573807143,0.6233240215165666,1.1198954849875964,0.061258056578269965,-0.03229373991730822,1.0,3,6
76,1664662.318395,0.03919096921358722,0.08301908934005953,0.7061738427724286,0.6283293451611667,1.1238912334920388,0.051285340910053684,0.03919096921358722,0.0,4,6
77,1681428.02669551,-0.03723471759709085,0.10869747139679187,0.7161676636118572,0.6329424309233,1.1314894192938731,0.0465319002567655,-0.03723471759709085,1.0,5,6
78,3412582.28723085,0.11904907349636673,0.18620844844900453,0.7340742447867142,0.6402450929443334,1.1465519265612534,0.060532854594696504,0.11904907349636673,0.0,6,6
79,2147790.97814405,0.06757581863001128,0.17280974005326488,0.7520180145518571,0.6490624743550334,1.1586219266475535,0.058887385013270836,0.06757581863001128,1.0,0,6
80,3887548.37229807,0.0089620537157995,0.2143130334690868,0.7737033325710001,0.6587315397202667,1.1745351268584419,0.05534405034793698,0.0089620537157995,1.0,1,6
81,1772559.84133893,-0.03191792007046834,0.1297808518414505,0.787367288735143,0.6672364201656333,1.1800424331448942,0.0595313264400002,-0.03191792007046834,1.0,2,7
82,1749581.47684417,-0.06295932565253382,0.09397929407205075,0.7969423501592857,0.6744214063373,1.1816682309765076,0.06483147555368049,-0.06295932565253382,0.0,3,7
83,1144958.29683634,-0.01554175393886903,0.036360947097502816,0.8007921658741429,0.6804704871587667,1.1768213037684658,0.06468109514787336,-0.01554175393886903,0.0,4,7
84,1644301.45065498,0.015985870787404988,0.09364982154214707,0.8103384010535714,0.6869062267937001,1.179692903405492,0.061694797520794216,0.015985870787404988,0.0,5,7
85,3799016.31678145,-0.11367419073026142,-0.13379128217544078,0.795076728792,0.6879231908158,1.1557638111445667,0.05855969098106557,-0.11367419073026142,1.0,6,7
86,1120773.259312,0.023486053051575473,-0.1695647969407822,0.7744272673404285,0.6907720346462667,1.121103965560795,0.04937178090672432,0.023486053051575473,0.0,0,7
87,1700040.66085723,0.06376532287708558,-0.12445847823766021,0.7591349833378571,0.6953210392668,1.091776230643542,0.05906573041402409,0.06376532287708558,1.0,1,7
88,2220222.72711344,0.05798489263008477,-0.043149623260934744,0.754002387615,0.6996010504102667,1.0777605138997874,0.06484054861164829,0.05798489263008477,1.0,2,7
89,2668723.50625663,0.07121713694679332,0.09386342462739394,0.7644643917604286,0.7061160687143667,1.082632764826181,0.06448320762258723,0.07121713694679332,1.0,3,7
90,1856094.87383758,0.07042747761248536,0.18938662067314116,0.7852453269608572,0.7150724998383667,1.0981338635430005,0.06592386398334252,0.07042747761248536,1.0,4,7
91,1788814.0647145,0.012111582927122777,0.18485109879419537,0.8058528359577143,0.7267685881634333,1.1088162712069456,0.06604816150663004,0.012111582927122777,1.0,5,7
92,4693370.50719829,0.0995990679374752,0.4699573793887868,0.8522888924572857,0.7408634876471333,1.1503993740655543,0.02994988905574037,0.0995990679374752,1.0,6,7
93,4062068.74661056,0.15640370560473693,0.6608571807480814,0.919121191289,0.7597565148261667,1.2097575648947165,0.04402939833638767,0.15640370560473693,1.0,0,7
94,2213135.15016517,-0.02352535310783266,0.5245702169750981,0.9755535554428573,0.7784564467300666,1.253189641553749,0.05814690010711506,-0.02352535310783266,1.0,1,7
95,3355229.32708245,0.12327035361730987,0.6186474293398057,1.045965654991143,0.8024217454200334,1.303511103682297,0.06221577619616752,0.12327035361730987,0.0,2,7
96,7486567.81431637,-0.32347808243665677,0.02224882797999128,1.0486782735681428,0.8119839159066,1.2915012884180934,0.1622718390848265,-0.32347808243665677,1.0,3,7
97,8973774.36468872,0.12080586891933298,0.07035974865983774,1.057860819758,0.8251930974144333,1.281955487839854,0.1661384065615919,0.12080586891933298,0.0,4,7
98,2923007.17734355,-0.011508989370200284,0.04537978572507417,1.0638549983488572,0.8367140107245,1.2714678907165409,0.1666496759475432,-0.011508989370200284,1.0,5,7
99,2206671.01567458,-0.04783239959588892,-0.09478209730402731,1.0500883596472856,0.8445812690260334,1.2433242343371431,0.1642451169532218,-0.04783239959588892,0.0,6,7
100,3036870.91981545,-0.05135012216041779,-0.2574091135745149,1.006853406363,0.8522312069801,1.1814322194687132,0.14917516898461097,-0.05135012216041779,0.0,0,7
101,4299502.33510521,0.1192046138657259,-0.14886561679074262,0.9824378599591429,0.8623650908672,1.1392365836274714,0.15967508163916072,0.1192046138657259,0.0,1,7
102,5295001.98436419,0.06848534903149694,-0.19037779677225808,0.9473648821877143,0.8729397375501,1.0852580555520224,0.15326070951543377,0.06848534903149694,1.0,2,7
103,2970423.1250175,0.005513261910335965,0.20333996777914654,0.9727080538395715,0.8843246316851999,1.0999445441047424,0.07379728219385254,0.005513261910335965,1.0,3,7
104,1991763.30860784,-0.05191066252988319,0.017904906139596832,0.9752092091472857,0.8929363525609334,1.0921374254171583,0.06651885869038958,-0.05191066252988319,1.0,4,7
105,9978279.43748358,0.2580785768966041,0.29551441739086814,1.0160148317995714,0.9109039947555667,1.1153917840399967,0.11567274682139121,0.2580785768966041,0.0,5,7
106,10463129.600325,0.24986514131694992,0.7005601846598941,1.1081234327982856,0.9383695066987333,1.1809030716447315,0.1305323936684324,0.24986514131694992,1.0,6,7
107,32838354.7073633,0.13642865286485328,1.0371744780801508,1.2374871574882857,0.9738724222179334,1.270687134429771,0.11625666496209866,0.13642865286485328,1.0,0,7
108,9692632.1660337,0.003053875251248561,0.8257570863145016,1.3527588025621429,1.0067248210148,1.3437225091942535,0.12317940304749246,0.003053875251248561,1.0,1,7
109,10348944.5267619,-0.0705005666660995,0.5882671472032108,1.4405019781950001,1.0335859957335,1.3936933976864943,0.1385316324757605,-0.0705005666660995,1.0,2,7
110,5222980.07636029,0.017197010396321044,0.6067223129175043,1.5314967673964286,1.0611430998111333,1.443251874011159,0.13761110784378416,0.017197010396321044,0.0,3,7
111,4822046.26693321,-0.088112889544811,0.545370577776803,1.6090442177057143,1.0846609693207334,1.4834535981444734,0.14382350539745822,-0.088112889544811,1.0,4,7
112,4589882.24595131,-0.007520597552363006,0.21911977181543962,1.6482423300014286,1.1095406567187334,1.4855177410765716,0.11964144164125555,-0.007520597552363006,0.0,5,8
113,7216576.38811606,0.14162147535279201,0.11353878632476011,1.6736281378857143,1.1420312335014335,1.465483682748694,0.09061807205297916,0.14162147535279201,0.0,6,8
114,5836036.43502209,0.03431276033976127,0.013479704973541118,1.6770532067171426,1.1761058768727668,1.4259372729063995,0.07549926290187986,0.03431276033976127,1.0,0,8
115,5495664.99847303,0.038293272983731974,0.049085384088650263,1.6895634389114285,1.2154383867093335,1.3900856327943836,0.0765701339515479,0.038293272983731974,1.0,1,8
116,5405764.40284623,-0.06255963416874788,0.05804796751823438,1.7033149151942857,1.2503264468994,1.3622961582698832,0.07523756661817615,-0.06255963416874788,1.0,2,8
117,11143557.0707687,0.257501102206408,0.3080027484774466,1.7775350900485714,1.2987697913769667,1.3686298386752695,0.120206661109933,0.257501102206408,0.0,3,8
118,8068101.90171604,-0.054590515268413076,0.3560869435343663,1.85578151575,1.3417427658855667,1.3831127418266058,0.11456480610292255,-0.054590515268413076,1.0,4,8
119,10919229.1805999,0.1858774292884544,0.6203388146133517,1.9910694035514287,1.3957484928033,1.4265244876263148,0.12160313943621325,0.1858774292884544,0.0,5,8
120,12107836.8570546,0.07745824859559969,0.5292699541984858,2.1228432826957144,1.4541374231728998,1.4598642802711943,0.11831228067953815,0.07745824859559969,1.0,6,8
121,22863250.6335323,0.17505665000259252,0.7373650391200832,2.3127264710485713,1.5277097250606333,1.5138520316461175,0.12347163463048037,0.17505665000259252,1.0,0,8
122,36356155.1835573,0.054801188560039904,0.7649875578604819,2.5172665338014286,1.6039331696896333,1.569433553324749,0.12251465938384212,0.054801188560039904,1.0,1,8
123,28461706.5886889,0.14116634118727966,1.1485573558150817,2.805152404822857,1.6904003967239667,1.6594603327467885,0.10268650252147864,0.14116634118727966,1.0,2,8
124,28236179.4181239,-0.003655349175046063,0.7023473177883433,3.026527094794286,1.7773302838923002,1.7028501242696896,0.09101674615516357,-0.003655349175046063,1.0,3,8
125,18427949.9772839,-0.09227533487124873,0.6344903176119185,3.2155963841600004,1.8479899360249668,1.740050809517264,0.10102730289219639,-0.09227533487124873,0.0,4,8
126,13155762.3719706,-0.06616812053431342,0.2870969018946865,3.3170492459142857,1.9250350530174,1.7231110886604222,0.10063591546817066,-0.06616812053431342,0.0,5,8
127,10395312.8169568,0.06340166175130979,0.27030535623425744,3.4199671416085713,2.005295564938033,1.70546786289544,0.09992284788453758,0.06340166175130979,0.0,6,8
128,10723918.7652425,-0.08478278318532206,-0.010596354963030907,3.4152263425371427,2.076363038704567,1.644811759251834,0.08852781030968807,-0.08478278318532206,1.0,0,8
129,30350144.9435501,0.07466844181891918,0.00803913104551457,3.4190201454842857,2.156683919718267,1.5853135057134013,0.09080012315836597,0.07466844181891918,0.0,1,8
130,14838388.9157821,-0.12941093810258952,-0.23097290046274477,3.294632959427143,2.224215625772267,1.4812560982180933,0.07992668050188662,-0.12941093810258952,1.0,2,8
131,13756478.1507016,0.10666509175424554,-0.1458222363453845,3.2163895146014285,2.2985856699755,1.399290684099545,0.09614560955619147,0.10666509175424554,0.0,3,8
132,11796735.6331521,-0.08247401897522122,-0.1365991024871085,3.149858186815714,2.3619050404381667,1.333609155697204,0.09495222110122561,-0.08247401897522122,1.0,4,8
133,10296804.8195696,0.026231921161102623,-0.05116800864214599,3.1265855519157144,2.4276064692351667,1.2879293211394207,0.09336631899829895,0.026231921161102623,0.0,5,8
134,11991402.1639282,0.09981991259708223,-0.018673418202202474,3.1175538790399995,2.505175987913,1.244445058583352,0.09859497284794837,0.09981991259708223,1.0,6,8
135,15785207.7166973,0.006788700421081373,0.07951259638172226,3.152750785337143,2.5749347611966664,1.2244002577649558,0.0910178230120678,0.006788700421081373,1.0,0,8
136,13444308.062981,-0.023957072028911952,-0.019557479913765885,3.1434470800328573,2.6315927707396667,1.1945036158270501,0.08774663856573268,-0.023957072028911952,1.0,1,8
137,22147431.4936826,0.08990469216597363,0.22743203402082268,3.2376377518585713,2.6909174311253334,1.203172462450697,0.07121750286109045,0.08990469216597363,0.0,2,8
138,21031356.3229519,-0.03184458340119467,0.07380722596068057,3.271465364802857,2.7462838678316666,1.19123350762201,0.06601988415131084,-0.03184458340119467,1.0,3,8
139,27212887.5047479,0.16438962977483218,0.36271890294529974,3.4239973877271432,2.8247206359956665,1.2121543433693371,0.07269793598749269,0.16438962977483218,0.0,4,8
140,14585964.4266973,-0.01061554999305181,0.31378966538008535,3.559414951448571,2.9007873788473337,1.227051309380335,0.07575044462285563,-0.01061554999305181,1.0,5,8
141,22220238.7965161,0.1176708488866518,0.33511349789664235,3.7184708793371426,2.9973755422936668,1.2405755724862142,0.07827698109499939,0.1176708488866518,0.0,6,8
142,20950150.2193332,0.07805157995940326,0.4296159812189153,3.92376508865,3.1058900715480005,1.2633303169981043,0.07716298808883595,0.07805157995940326,1.0,0,8
143,16944926.9392703,-0.09149423680391222,0.33069388740357475,4.078003078931428,3.1926135903170003,1.2773243499619746,0.09153548413571048,-0.09149423680391222,1.0,1,9
144,23655802.3133022,-0.04144168777862223,0.17032956731103854,4.16458829714,3.2713422855573335,1.2730518342657884,0.09425454771990156,-0.04144168777862223,0.0,2,9
145,26473633.5627635,-0.15299226654632792,0.02388333237277762,4.1763425144257145,3.326532318785,1.2554642835849867,0.11546506305127917,-0.15299226654632792,0.0,3,9
146,17729340.0425555,0.005231882936967969,-0.11606893106056126,4.109828508332857,3.3862404743946666,1.2136847750210478,0.09333492437345507,0.005231882936967969,0.0,4,9
147,25062204.6506355,-0.2673246076914765,-0.3454166954975413,3.913986647737143,3.399292742308,1.1514120566973247,0.13366184655158359,-0.2673246076914765,1.0,5,9
148,20375889.8797486,0.18789147135712714,-0.3042907708599515,3.7211609526228573,3.432630744230667,1.0840551256138262,0.15000748267033376,0.18789147135712714,0.0,6,9
149,17135013.476324,-0.05104096686991366,-0.38759928588084847,3.4563727486542857,3.4477941854053333,1.0024881308998275,0.1406780363794863,-0.05104096686991366,1.0,0,9
150,10163724.6032389,-0.1569222892051234,-0.43170267810696783,3.1884385837028573,3.4412524938853335,0.9265343328826657,0.14531426489997915,-0.1569222892051234,0.0,1,9
151,52354542.078401,0.47282787674805404,-0.12680936851339397,3.11299657737,3.4580719770323336,0.9002116202455474,0.2519235707594702,0.47282787674805404,0.0,2,9
152,31177874.7930509,-0.04579859242881179,-0.016302098866176618,3.1047818569342853,3.463619227516,0.8963981468485318,0.2438197930426699,-0.04579859242881179,1.0,3,9
153,17090627.4630998,-0.012222058569024807,-0.03338214369702108,3.087872396792857,3.452208472521,0.8944628985682074,0.24409337438036763,-0.012222058569024807,0.0,4,9
154,10368518.3648969,-0.027649965100254525,0.2828203542492367,3.192835772018572,3.4380981003269997,0.9286633710989513,0.21207716835362236,-0.027649965100254525,0.0,5,9
155,15316353.1818696,-0.03205275407298036,0.045299557118688716,3.2128066816242855,3.4319798136390003,0.9361379891735666,0.20483401418586591,-0.03205275407298036,0.0,6,9
156,21301450.1011828,0.013421048958794035,0.11630590643860605,3.2614645550600003,3.434824424206,0.9495287538063685,0.20248998191005577,0.013421048958794035,0.0,0,9
157,11992537.7843944,-0.10094802269331382,0.19042055033873906,3.3286279712128573,3.4199400207929997,0.9733001020412722,0.19482786002735325,-0.10094802269331382,1.0,1,9
158,24199803.5835456,-0.13395907914521654,-0.3000180632810109,3.1727738249457142,3.401499722927667,0.932757337464932,0.051505462535614936,-0.13395907914521654,0.0,2,9
159,23792219.5131179,0.1361181651782155,-0.16656778402022931,3.0902076779928573,3.3868963184346663,0.9124010266192824,0.08684341258943873,0.1361181651782155,0.0,3,9
160,23510207.0958752,0.07471497620088763,-0.09321513814717741,3.044566506701429,3.393859633551666,0.8970808564393387,0.09443773453012654,0.07471497620088763,1.0,4,9
161,10763972.5896187,-0.025434494526644813,-0.09114905586618394,3.0011709621685716,3.387880438092667,0.8858550403443965,0.09437261299096268,-0.025434494526644813,1.0,5,9
162,9217295.41412604,-0.05216027133481538,-0.11002894433583266,2.95046586697,3.3854549390083335,0.8715123728198992,0.09546485471082311,-0.05216027133481538,0.0,6,9
163,19492893.6246122,-0.03078960412283316,-0.1488540719913939,2.8809481827814283,3.3775090380746664,0.8529801549912949,0.09491677881079513,-0.03078960412283316,0.0,0,9
164,18556523.3857526,0.04780206437437218,-0.008030144015761631,2.8775765310285712,3.3639453062570004,0.8554171572517025,0.09001689157249312,0.04780206437437218,0.0,1,9
165,16096650.33028028,-0.027014756568347287,0.11446469625137312,2.9191991449357144,3.3470043401673335,0.8721826589533999,0.06984665818400848,-0.027014756568347287,1.0,2,9
166,18993325.64791849,0.10432953992778815,0.08328193580461174,2.9536049801885715,3.342599828471,0.883625061854812,0.06137692255762914,0.10432953992778815,0.0,3,9
167,15935143.49283597,0.017843233936695846,0.025956847370170122,2.9651295981714285,3.3302743976913334,0.89035594190886,0.05532132294643662,0.017843233936695846,1.0,4,9
168,11018474.88090908,-0.016906953058662633,0.03493406799943921,2.980245525375714,3.3199291422263335,0.8976834738638944,0.054630568519110606,-0.016906953058662633,1.0,5,9
169,9734367.88069845,0.0058200448082690315,0.09824203308585755,3.02053743769,3.2913142839996667,0.9177298723412661,0.04834922914238244,0.0058200448082690315,0.0,6,9
170,10950200.85069037,-0.062249261942822987,0.06259412968801814,3.0454186884285717,3.2575765767033333,0.9348724785805449,0.05434466930291362,-0.062249261942822987,1.0,0,9
171,8821253.14791489,-0.0034650203407157187,0.010603295620519315,3.04983499,3.207930265411667,0.9507173590659773,0.051787042974592835,-0.0034650203407157187,0.0,1,9
172,7767702.10929252,-0.016479877999746373,0.021545479042377025,3.0585663171428576,3.1451246268156665,0.9724785755913125,0.05092816510470068,-0.016479877999746373,0.0,2,9
173,10825966.25721191,-0.012715735739671108,-0.08672570983588124,3.019753902857143,3.0956750207203334,0.9754751007922258,0.02532522455593221,-0.012715735739671108,0.0,3,10
174,15856538.99496961,-0.08211901182796288,-0.17641825383485998,2.9393925557142855,3.0443953913586665,0.9655094617662261,0.03247598504300234,-0.08211901182796288,0.0,4,10
175,6155890.57867446,-0.029999113203948435,-0.18738615168244954,2.8554782885714287,3.011727489527,0.9481197414112289,0.03218199218094265,-0.029999113203948435,0.0,5,10
176,7075729.47763526,-0.012290729629787278,-0.20201805943581452,2.7644851185714288,2.9774008263886667,0.9284894039357521,0.02956141515357659,-0.012290729629787278,0.0,6,10
177,8105684.0286038,0.05629953282212741,-0.10113858959495747,2.721765938571429,2.9793917445646665,0.9135307377879305,0.04074065567353845,0.05629953282212741,0.0,0,10
178,9739070.719841,-0.1811354780031461,-0.2613949994766893,2.6117398085714285,2.9490653317996665,0.8856161240000794,0.07431008845121455,-0.1811354780031461,1.0,1,10
179,11759752.04495923,0.05309384654378291,-0.20914644888438239,2.5251568728571425,2.927840922463,0.862463822226002,0.08218140642095306,0.05309384654378291,0.0,2,10
180,14931921.70481354,0.03203796327736552,-0.17329697465043448,2.454327237142857,2.9243823731896668,0.8392634491452929,0.08541276780333938,0.03203796327736552,1.0,3,10
181,12002959.23561284,0.07383607838843664,-0.03283372662377737,2.4420095099999997,2.8878317423056665,0.8456204266424058,0.08786196976516297,0.07383607838843664,1.0,4,10
182,8842883.98002147,-0.05266788307808623,-0.0554362520231203,2.4218362357142853,2.8523735112423334,0.8490599937802219,0.08950425133194258,-0.05266788307808623,1.0,5,10
183,7170646.66388414,0.008515209747692376,-0.035539166242801845,2.4090624714285718,2.8190118438036667,0.8545769244367721,0.08954414422585133,0.008515209747692376,0.0,6,10
184,12289968.79120837,0.06614013813953923,-0.026554140580857588,2.3989808357142857,2.7941589260936666,0.8585699307620079,0.0906717003241899,0.06614013813953923,1.0,0,10
185,11415736.61057108,-0.07041251175469587,0.10507057894457006,2.431646532857143,2.7667946304206668,0.8788677360153155,0.05734447698279454,-0.07041251175469587,1.0,1,10
186,9436238.75624435,-0.03753775936223214,0.009965739487061809,2.4349093099999997,2.734978031949,0.8902847779968582,0.05774873530240999,-0.03753775936223214,0.0,2,10
187,8332482.58866874,-0.020823622210021986,-0.04176529384400507,2.420797292857143,2.7125552149066667,0.8924416651700995,0.0567424353665818,-0.020823622210021986,0.0,3,10
188,13637728.05365193,-0.051644984344054956,-0.15373797914999898,2.3650154685714284,2.6993547924850003,0.8761410227198099,0.04673146318033062,-0.051644984344054956,0.0,4,10
189,6612611.78386479,0.024405638428572685,-0.08488736921166051,2.3358373771428567,2.6763537743773336,0.8727685403572255,0.0475480599951821,0.024405638428572685,0.0,5,10
190,6294162.16574452,0.005642608780813907,-0.08749392725123917,2.3055072542857142,2.6465646849066666,0.8711320253889884,0.04735730413252406,0.005642608780813907,1.0,6,10
191,8248860.30237032,-0.07053702791755889,-0.20447549428128498,2.229936837142857,2.6142042969209998,0.853007869266097,0.036740810980739017,-0.07053702791755889,1.0,0,10
192,13129043.07033953,-0.08231352418964333,-0.21466016990846537,2.1561884900000003,2.581463242461,0.8352582576168815,0.03904171747376955,-0.08231352418964333,0.0,1,10
193,19275509.45257168,0.0009035397447780813,-0.18329324242340128,2.095580347142857,2.5517255369666665,0.8212404965911629,0.04099421347188954,0.0009035397447780813,0.0,2,10
194,11445662.79336236,0.03452974027816924,-0.13712437415400225,2.051182684285714,2.519729984,0.8140486073152646,0.047395652573599636,0.03452974027816924,1.0,3,10
195,11497444.71334744,0.0022410064953666264,-0.08809536360172798,2.0241325485714285,2.4905059199999995,0.8127395049803491,0.04571897861684844,0.0022410064953666264,1.0,4,10
196,7581827.29356544,-0.024595038512447043,-0.13171474913899872,1.9827018014285713,2.4498096993333336,0.8093289050035698,0.04284820604494503,-0.024595038512447043,1.0,5,10
197,9092333.67184322,-0.06505218531660706,-0.19275357793510917,1.9217292357142859,2.403104600333333,0.7996860542182491,0.044333199300372765,-0.06505218531660706,0.0,6,10
198,13396735.95349503,-0.05706041147496377,-0.18104902301297843,1.8684987657142857,2.3547967196666666,0.7934862275410258,0.04249653523701112,-0.05706041147496377,0.0,0,10
199,14384427.42623876,0.014693940029947283,-0.0944787621539912,1.843007427142857,2.30670624,0.7989779518448161,0.037047781990344836,0.014693940029947283,0.0,1,10
200,17089719.31755684,-0.12874212960029374,-0.21176969212378527,1.785818167142857,2.2578187486666668,0.7909484178911416,0.05614463634628221,-0.12874212960029374,1.0,2,10
201,8024137.80398694,-0.041016676831514554,-0.2693301210789736,1.7105730057142858,2.207235521,0.7749843591404788,0.04787729859962814,-0.041016676831514554,0.0,3,10
202,8528335.71424465,0.008677433150120706,-0.26463773366513355,1.6364731114285713,2.158684172,0.7580882523970122,0.04893635999788579,0.008677433150120706,0.0,4,10
203,6449388.39066769,0.06893861499556508,-0.194122284043741,1.583454765714286,2.114673234,0.7487940643761352,0.06467749769060853,0.06893861499556508,1.0,5,10
204,6877556.68110791,0.03838562065171969,-0.10496412836046365,1.5566520342857142,2.080465145333333,0.7482230777946086,0.06672084690239355,0.03838562065171969,1.0,6,11
205,6366346.26428922,-0.07861287779786519,-0.1254216748629644,1.5264528914285713,2.0446907936666667,0.74654461014677,0.06949322453506504,-0.07861287779786519,1.0,0,11
206,6536977.27806969,-0.04195065065501369,-0.1742444078023806,1.483881687142857,2.0078987726666666,0.7390221595544537,0.06850417564231756,-0.04195065065501369,0.0,1,11
207,11406316.03373677,-0.014147103501179092,-0.06563421688845072,1.4699104742857145,1.9657191403333334,0.7477723771039118,0.05101314073365803,-0.014147103501179092,0.0,2,11
208,8924131.52401733,0.00931087376856432,-0.01659859750649928,1.4665221400000001,1.940018065,0.7559322082910604,0.04918560626840083,0.00931087376856432,0.0,3,11
209,22547497.1265051,0.3618811685488954,0.32775435155507027,1.5340084414285715,1.9274162046666667,0.7958885256409202,0.1463583485728308,0.3618811685488954,1.0,4,11
210,51426099.67867579,0.06177634370395135,0.3188579221988368,1.6041890514285713,1.9163076573333333,0.83712500197432,0.1462216377697305,0.06177634370395135,1.0,5,11
211,25931043.04138239,0.06133685369778186,0.3480083793363624,1.6837258842857141,1.9035322993333332,0.8845270893881858,0.14622503733532954,0.06133685369778186,1.0,6,11
212,18210625.97270338,-0.05932768290029067,0.3762230175624024,1.7629515857142857,1.890951042,0.9323094816086125,0.14352458622320666,-0.05932768290029067,1.0,0,11
213,16170833.13282796,0.10811850563873904,0.59179503090267,1.8823448771428573,1.8849980006666667,0.9985925059215601,0.13787866220198888,0.10811850563873904,0.0,1,11
214,13877948.92652378,-0.10937007197995374,0.4380444575761391,1.9694690999999998,1.8654997353333334,1.05573271477741,0.15216239302319423,-0.10937007197995374,1.0,2,11
215,11506047.76935046,-0.051438814119701304,0.35148960689766273,2.040029034285714,1.8486406486666667,1.103529253106647,0.15731105589150549,-0.051438814119701304,0.0,3,11
216,11621743.54314562,0.06405779688663849,0.05593871685808938,2.0553222,1.838845879,1.117724015629697,0.08235312704724963,0.06405779688663849,0.0,4,11
217,8134592.54731619,-0.051354410440705656,-0.05657004647710606,2.0389010157142855,1.8271985259999999,1.1158617887995634,0.08176591678891416,-0.051354410440705656,1.0,5,11
218,18621333.34008639,0.06584107712802756,-0.05256620991320249,2.0227061314285715,1.8236601206666665,1.1091464404502855,0.08239417948039567,0.06584107712802756,0.0,6,11
219,22156135.17364347,0.10381655563141257,0.11175069559485262,2.055092315714286,1.8254438610000001,1.1258041726840515,0.08732020497907632,0.10381655563141257,1.0,0,11
220,17074174.95712231,-0.023576762589683997,-0.020376243278986905,2.0485486685714287,1.8250409973333332,1.1224672057036935,0.07854578692516656,-0.023576762589683997,1.0,1,11
221,14629648.08989412,-0.039575644054438475,0.05639220737771322,2.0646778428571433,1.8269393033333332,1.1301294132158881,0.06578442305143668,-0.039575644054438475,0.0,2,11
222,10155987.37439732,-0.018089621969767045,0.09353248597433117,2.090053708571429,1.8332091996666666,1.1401064913657777,0.06170117471641223,-0.018089621969767045,0.0,3,11
223,11113989.73661238,0.008967291566154945,0.03691595873966569,2.100710777142857,1.8400429793333333,1.1416639723839312,0.05770222699600069,0.008967291566154945,0.0,4,11
224,20288343.21897211,0.13687831168401532,0.24266351681222909,2.1671664542857143,1.8542614056666666,1.1687491567601,0.06896687599383099,0.13687831168401532,1.0,5,11
225,16416064.59893532,-0.09963899375238972,0.049730394552862656,2.1816822871428574,1.8604217263333334,1.172681578731447,0.08296122148660331,-0.09963899375238972,1.0,6,11
226,15487339.47782299,0.06132476897150929,0.009320672712587186,2.1846853485714286,1.8725733553333335,1.1666754428333392,0.07621825875659374,0.06132476897150929,0.0,0,11
227,25036626.13313538,-0.0036944233944248284,0.02987288327332993,2.1940832785714286,1.8885902739999998,1.1617571628834031,0.07539596504729369,-0.0036944233944248284,1.0,1,11
228,24870950.92877138,0.0009114286134799254,0.07328758637376787,2.2162269,1.908075868,1.1614983120786475,0.0727709129642118,0.0009114286134799254,0.0,2,11
229,33038222.89347182,-0.1616703224194339,-0.08365482597206964,2.191408082857143,1.9145026859999998,1.1446356794806518,0.09848319743853567,-0.1616703224194339,1.0,3,11
230,13307808.36500391,-0.023692719405082774,-0.11331668288988683,2.1574876785714285,1.9267658653333335,1.1197456408115158,0.09831160340662254,-0.023692719405082774,0.0,4,11
231,11661882.95615155,0.0166773755192966,-0.20706476806568774,2.087020422857143,1.9420991363333333,1.0746209520474943,0.07571099535278313,0.0166773755192966,0.0,5,11
232,6139511.34519798,0.013880936433942725,-0.10708936759092369,2.0542075557142856,1.9578930966666666,1.0491929100784896,0.07026244409954724,0.013880936433942725,1.0,6,11
233,8716571.16727617,0.027014245898777878,-0.13595539592723327,2.00999531,1.9720994823333333,1.0192159817525175,0.06516398412986915,0.027014245898777878,1.0,0,11
234,12847022.37823892,0.004787809407816868,-0.1285991915102751,1.9683297785714287,1.9846484143333334,0.9917775684377899,0.06556613605129784,0.004787809407816868,1.0,1,12
235,15849828.20530223,0.07038025535550818,-0.06811912298743594,1.9462393885714289,2.0060260506666667,0.970196467750073,0.07357528782337777,0.07038025535550818,1.0,2,12
236,18106121.72298748,-0.0071054223686934925,0.10369404129219895,1.9744299014285713,2.028963936,0.9731222257804446,0.029732446531097058,-0.0071054223686934925,1.0,3,12
237,9019864.15038828,-0.11636867765597847,-0.001074103866187781,1.9741448114285713,2.044420544,0.9656255985209722,0.05738289152862129,-0.11636867765597847,0.0,4,12
238,7750781.04480337,0.06617657240685348,0.047560822807134695,1.9869789942857143,2.063539069,0.9628986550996648,0.06241915302672133,0.06617657240685348,0.0,5,12
239,7167229.51269223,-0.06293031068028088,-0.031802000120408125,1.9782781728571428,2.061556034,0.959604366910525,0.06781257466486008,-0.06293031068028088,1.0,6,12
240,6425070.48803734,-0.012445108840428265,-0.06900155065011326,1.95888981,2.0548629926666666,0.9532946074705843,0.06657139207739103,-0.012445108840428265,0.0,0,12
241,11304051.0777088,-0.09055450490516836,-0.15734213953039888,1.9144674428571427,2.0384881113333333,0.9391604651571545,0.07291848398015982,-0.09055450490516836,0.0,1,12
242,10461119.21820986,-0.0018303581269372149,-0.21419001275663374,1.8497391799999998,2.026276489333333,0.9128760017388269,0.061986837991533775,-0.0018303581269372149,0.0,2,12
243,6167983.16893835,-0.053030616851856394,-0.2505367481543208,1.7745648942857142,2.003815273333333,0.8855930573549015,0.06132097514990496,-0.053030616851856394,0.0,3,12
244,8273918.34951755,-0.08230818359098224,-0.221647902777375,1.7157980185714286,1.985230625,0.864281457763341,0.05517532491416211,-0.08230818359098224,0.0,4,12
245,7085230.83583667,0.03206945136252104,-0.24654748309281227,1.64610349,1.9716231086666667,0.8348976448714871,0.045533944366191736,0.03206945136252104,0.0,5,12
246,8389349.11124252,0.049998762502497573,-0.15574666497721357,1.6048473342857144,1.956445232,0.8202873804165423,0.054624066767216956,0.049998762502497573,1.0,6,12
247,8672051.95648215,0.016729721143335263,-0.13080531970819875,1.5706291742857144,1.9455995630000003,0.8072725776438274,0.05660390511473908,0.016729721143335263,1.0,0,12
248,19470079.53119814,0.10619560699917163,0.057236901113661975,1.5842462557142858,1.936180807,0.8182325999651776,0.06327030140991428,0.10619560699917163,1.0,1,12
249,18277631.04446976,0.013021493859109112,0.07296761993222067,1.6015740171428572,1.920455553,0.8339552637086505,0.0630683216886313,0.013021493859109112,1.0,2,12
250,15461476.78402026,-0.058849415621906154,0.06637460565079878,1.6165002485714286,1.9030039753333334,0.8494465957635636,0.06409537174591863,-0.058849415621906154,1.0,3,12
251,7879396.90612472,0.012013213314010285,0.17597778683920362,1.6528166599999998,1.8891296823333334,0.8749090522777374,0.04945843240141329,0.012013213314010285,0.0,4,12
252,9095045.00474692,-0.017747475419309766,0.11921455329257835,1.6782078628571426,1.8755257446666667,0.8947932960287928,0.05171277758397403,-0.017747475419309766,1.0,5,12
253,9093229.49751807,-0.06296965646227703,-0.0012007301183183383,1.6779393357142858,1.8577985623333333,0.9031869061233688,0.05716147737313345,-0.06296965646227703,0.0,6,12
254,8333991.44150289,-0.013853479232802557,-0.031244583043146257,1.6708350071428573,1.8297888919999998,0.9131299323369471,0.05694495322873267,-0.013853479232802557,0.0,0,12
255,11066564.74357854,-0.03348383879995476,-0.1535694403281167,1.6322085357142857,1.807970265,0.9027850553251692,0.030624821027210286,-0.03348383879995476,0.0,1,12
256,16776307.03794223,-0.19096579961070015,-0.32401111409739713,1.5496506042857143,1.7722807793333333,0.8743821082732928,0.0665171421077487,-0.19096579961070015,0.0,2,12
257,9236938.50803516,0.12998016882101537,-0.188382764573107,1.5044754985714286,1.7420954933333335,0.8636010507625838,0.09541436371095965,0.12998016882101537,0.0,3,12
258,9359548.53228497,0.060917673437715036,-0.1491622265371768,1.4682759585714287,1.714607796,0.856333420387311,0.10026791654816225,0.060917673437715036,1.0,4,12
259,6798656.31848622,-0.08382785799242232,-0.20640176949694644,1.4190741842857144,1.6953145016666666,0.8370565950392214,0.10327253583639717,-0.08382785799242232,1.0,5,12
260,12286531.39847335,-0.016006305814641686,-0.16662714295524217,1.3818550085714285,1.676817606,0.824093809384435,0.10212172243423219,-0.016006305814641686,0.0,6,12
261,12668149.81727901,0.1631896514397686,-0.01701150620993952,1.3781078228571428,1.6643759519999999,0.8280027245053243,0.12381585180863704,0.1631896514397686,0.0,0,12
262,26355258.83179235,0.10467873632573643,0.123505773348358,1.4044019542857142,1.6563489579999997,0.8478901426553827,0.12774660769292456,0.10467873632573643,1.0,1,12
263,12663615.73809283,-0.08295044925272499,0.273506687622483,1.4515112271428572,1.6419678266666666,0.8840071063326177,0.1012238113483737,-0.08295044925272499,1.0,2,12
264,12763259.56854011,-0.015994753666924044,0.1089904906634458,1.4727240214285717,1.62645415,0.9054814249934876,0.09425572442182821,-0.015994753666924044,0.0,3,12
265,25722549.3360078,0.21919817801593955,0.2744430783895828,1.5293927200000001,1.6173435733333332,0.9456201794204635,0.1212321981288978,0.21919817801593955,0.0,4,1
266,31671063.53777906,-0.023239574889319492,0.3587245299768975,1.5972551042857144,1.6073070489999999,0.9937460955450053,0.11268059682116789,-0.023239574889319492,1.0,5,1
267,55073422.17629275,0.20145734938019122,0.6590040992847859,1.7199279585714287,1.6175003403333332,1.0633246347366996,0.12115973575906344,0.20145734938019122,0.0,6,1
268,59955404.84149402,0.14957565528610717,0.6395870804017381,1.8584154557142856,1.634377793,1.1370782591845248,0.11971947994724247,0.14957565528610717,1.0,0,1
269,50555207.03513643,-0.13193862849752802,0.28839468246231315,1.9273971928571427,1.6444767293333336,1.1720428501524034,0.14248707253783033,-0.13193862849752802,1.0,1,1
270,50263975.12932488,-0.10569192889371937,0.25644438989970686,1.9836485342857144,1.6477448623333333,1.2038566040356002,0.1461080939657281,-0.10569192889371937,0.0,2,1
271,159870278.0790676,0.22990075748933125,0.5704203942402568,2.1067695357142857,1.6713246383333333,1.2605387890500936,0.15886864331381445,0.22990075748933125,0.0,3,1
272,206412154.2447589,0.35703057037773434,0.7479590453430125,2.3035985957142855,1.7232441036666666,1.3367801989356924,0.18570047406129203,0.35703057037773434,1.0,4,1
273,91906875.463772,0.05139753859596086,0.8815256951385397,2.530185304285714,1.7836184780000002,1.4185686768186272,0.17971034675456482,0.05139753859596086,1.0,5,1
274,62766977.35528041,0.023846356470728747,0.6033804517217682,2.7165222828571425,1.8510026686666667,1.4675950115263399,0.17672920418084687,0.023846356470728747,1.0,6,1
275,82877500.0255444,-0.10329184892149301,0.25069134312957986,2.805521197142857,1.9049085913333335,1.4727852086483284,0.18620776696203592,-0.10329184892149301,1.0,0,1
276,73484689.24275579,0.16257845679091054,0.6750276643466531,3.01354708,1.9731733366666664,1.527259173839671,0.17206577054953262,0.16257845679091054,0.0,1,1
277,57994892.73472413,-0.027568705117699488,0.8213514707402398,3.2399134942857137,2.037244537,1.5903409902164896,0.1594848913941342,-0.027568705117699488,1.0,2,1
278,59283112.21846475,-0.06705517668911631,0.38159149484995014,3.3692591085714283,2.0878276373333335,1.6137630560704694,0.15839303806734187,-0.06705517668911631,0.0,3,1
279,45331738.74819012,-0.008542244284786782,0.009402170223676176,3.373583955714286,2.1367130893333335,1.5788661437773395,0.08708251307200884,-0.008542244284786782,0.0,4,1
280,68035606.39281899,0.06057954248235031,0.0182174225993863,3.382394374285714,2.1956604406666664,1.5404906476607652,0.0879716167137013,0.06057954248235031,0.0,5,1
281,85407766.18917261,0.1076526061953853,0.10156291975631238,3.4326841357142857,2.2663050796666666,1.5146610959452875,0.09615980018383673,0.1076526061953853,1.0,6,1
282,70601712.76708774,-0.005925438913422454,0.22117288066241136,3.5308877314285714,2.3372005606666666,1.5107337345586704,0.08168278923526087,-0.005925438913422454,1.0,0,1
283,44547767.96672326,-0.040481803397981575,0.0078783013293231,3.5349545085714285,2.4064768770000002,1.4689335028966615,0.06084477005036322,-0.040481803397981575,0.0,1,1
284,46698656.44529995,0.022436969846932886,0.05970678011792496,3.564925448571429,2.4791989733333333,1.4379343840152994,0.05962674480836662,0.022436969846932886,0.0,2,1
285,43834764.53989141,-0.19686499712968297,-0.08774068237892185,3.5238356814285714,2.529207304666667,1.3932569603633143,0.09637682857220585,-0.19686499712968297,1.0,3,1
286,63361382.17557853,0.11893942487030507,0.029557649135694142,3.5375595571428566,2.6005585116666667,1.3603076190259136,0.10778840361002034,0.11893942487030507,0.0,4,1
287,27904470.4262182,0.0471823813156671,0.016552354197062025,3.5457105385714285,2.671948616666667,1.327012995854241,0.10684460270872706,0.0471823813156671,1.0,5,1
288,32747555.29721828,0.03718477797888586,-0.04811976074941848,3.51946369,2.7449155503333333,1.2821755808016053,0.09886414079195552,0.03718477797888586,1.0,6,1
289,80055958.4917865,0.0180413407051061,-0.025170271032656566,3.5058159557142856,2.824106974,1.2413892207308028,0.09914052434648896,0.0180413407051061,1.0,0,1
290,78823455.81544667,0.0938840409823638,0.11133971921413477,3.563742284285714,2.9155839080000003,1.2223082568494248,0.1027311779768099,0.0938840409823638,1.0,1,1
291,35195110.46414343,-0.08814726018898555,-0.008860010238163296,3.5590292928571428,2.9880806496666668,1.1910753791917121,0.11052185286720013,-0.08814726018898555,1.0,2,1
292,31410526.72,0.035627065465721364,0.27805586283047123,3.677820155714286,3.059671551666667,1.202031032942376,0.06592263491545554,0.035627065465721364,0.0,3,1
293,44053151.39,0.003297698263628357,0.14596954663454964,3.7475983642857145,3.136312177,1.1949060402113518,0.055840169921396,0.003297698263628357,1.0,4,1
294,53378197.61,0.10159909260442901,0.20551972153968645,3.85047894,3.226758097666667,1.1932964366880672,0.06337103646593638,0.10159909260442901,1.0,5,1
295,78376266.82,0.00943794012605581,0.1732695758066074,3.94044078,3.3074934309999997,1.1913676813588205,0.06362524763067941,0.00943794012605581,1.0,6,1
296,39361628.64,0.08148359828857932,0.24638534003639867,4.070672355714286,3.401237666,1.1968209091667414,0.06693138137239003,0.08148359828857932,1.0,0,2
297,98755961.8,0.142229486143149,0.30147075297635006,4.24498059,3.5047628553333334,1.2112033724450852,0.07603045589225138,0.142229486143149,1.0,1,2
298,49386326.92,0.08514126491246055,0.5488022983009628,4.534323834285714,3.6124592713333334,1.2551902993807669,0.05121242048282587,0.08514126491246055,1.0,2,2
299,108249481.51,0.12422606536954217,0.6813039866538986,4.906322812857143,3.754754196333333,1.3066961394299426,0.053484000958101706,0.12422606536954217,1.0,3,2
300,92892157.08,0.039784147585602,0.7424471675961524,5.31304343,3.913170986,1.3577335232751824,0.04625709861233694,0.039784147585602,1.0,4,2
301,102365493.54,-0.08544410636284805,0.44659280964808645,5.582547872857143,4.037773043,1.3825808963025323,0.07748439616143166,-0.08544410636284805,1.0,5,2
302,105451102.52,0.09649398367156325,0.5713500053342477,5.930593404285714,4.153792219666666,1.4277539873579985,0.07559894653116571,0.09649398367156325,0.0,6,2
303,155254260.78,0.17652315703639565,0.709438471383731,6.397971655714286,4.303721147999999,1.4866138942778657,0.08600523516836264,0.17652315703639565,1.0,0,2
304,121037872.69,-0.008430128864624575,0.4839642167768301,6.762155254285715,4.448743882,1.5200145105331815,0.08746623237147767,-0.008430128864624575,1.0,1,2
305,120679901.64,0.16060567341711507,0.5871641276844395,7.2416158542857145,4.6475480246666665,1.5581583699299375,0.09521823875653564,0.16060567341711507,0.0,2,2
306,53600047.53,0.015777632566134514,0.4340583889444414,7.640085472857143,4.834279821333333,1.5803978576378612,0.09411415493232,0.015777632566134514,1.0,3,2
307,91484663.66,0.003435556187949551,0.383926827945791,8.006555712857145,5.025387503666667,1.593221558937561,0.09616872778126125,0.003435556187949551,1.0,4,2
308,91417967.69,-0.055645766558204524,0.4290183550692852,8.381076888571428,5.207197191666667,1.609517861544417,0.0895389298388567,-0.055645766558204524,1.0,5,2
309,93500422.71,0.0007375749507305684,0.30422271759629926,8.67228160142857,5.390155003666666,1.608911357007216,0.08955347933758946,0.0007375749507305684,0.0,6,2
310,109854634.59,0.014057044907533012,0.12412256996150406,8.812065772857142,5.570644474333333,1.5818754568629558,0.0670650026763854,0.014057044907533012,1.0,0,2
311,71625204.52,-0.06362990635652677,0.06154370634148543,8.880790687142857,5.719968743999999,1.5525942683617677,0.0736969621933293,-0.06362990635652677,1.0,1,2
312,89948577.67,-0.009073415888209535,-0.09365264800641171,8.759413991428572,5.867537485333333,1.4928603376329264,0.03269800272882037,-0.009073415888209535,0.0,2,2
313,77306770.4,0.09217000248069418,-0.025490069933431947,8.725856852857143,6.045490368333333,1.4433662649706205,0.05145674038550736,0.09217000248069418,0.0,3,2
314,261175710.73,0.27673447600297063,0.23993057376789517,9.042805551428572,6.303559527666667,1.4345554304261274,0.11774843479406856,0.27673447600297063,1.0,4,2
315,140264809.98,-0.1275975216228572,0.14545841725966602,9.224263989999999,6.537297130333333,1.4110210697321721,0.12966794447260022,-0.1275975216228572,1.0,5,2
316,137742366.13,0.10825604580590964,0.2685255834525777,9.559495001428571,6.7952732739999995,1.406785954879108,0.13248654516792047,0.10825604580590964,0.0,6,2
317,574136240.77,0.3039347021350205,0.6311454440521311,10.358501582857143,7.1602957179999995,1.446658349154113,0.16401031472655833,0.3039347021350205,1.0,0,2
318,485252846.29,0.05166132576278182,0.831981384122394,11.344740301428573,7.54586662,1.5034376928105009,0.15219832966110416,0.05166132576278182,1.0,1,2
319,375439706.61,0.13822080631521771,1.1042924487279877,12.641901715714285,7.999290829333334,1.580377809162349,0.14469230158794522,0.13822080631521771,1.0,2,2
320,364505275.74,-0.20151141332185607,0.5384541779447041,13.332696284285714,8.324912968333333,1.6015418221188864,0.18981245050127862,-0.20151141332185607,1.0,3,2
321,289687328.45,-0.016507889891684613,0.18509962267852975,13.635880287142855,8.654824759666667,1.5755235566049786,0.1701148501942593,-0.016507889891684613,0.0,4,2
322,247640939.78,-0.028464448964790945,0.31976518119526,14.09280938142857,8.967461283,1.5715495095746788,0.15784790573547794,-0.028464448964790945,0.0,5,2
323,300493226.01,-0.008478090957717677,0.18075249568765317,14.37905711142857,9.275946981666667,1.5501443830854018,0.1569296053572578,-0.008478090957717677,0.0,6,2
324,306451693.03,0.142585796459884,0.03464615865984877,14.450600364285716,9.633657383666668,1.5000118634887212,0.11762077889779331,0.142585796459884,0.0,0,3
325,178549851.5,-0.06664173110351945,-0.08174283496949952,14.273083674285715,9.956816628666667,1.433498698087106,0.11930389318338962,-0.06664173110351945,1.0,1,3
326,153830742.14,0.011223588529715167,-0.18419756477539717,13.817781315714285,10.273616253333334,1.3449773648330525,0.1021739811055235,0.011223588529715167,0.0,2,3
327,116364465.82,-0.07209101554998476,-0.05197090877613331,13.715205485714288,10.534632110666667,1.3019159417847335,0.07192491741061885,-0.07209101554998476,1.0,3,3
328,90978408.01,-0.0372225630533175,-0.07193864676872319,13.575562902857143,10.764447209,1.2611481703869392,0.07287404330663738,-0.0372225630533175,0.0,4,3
329,118851546.1,0.03378272646081659,-0.0124769031415769,13.552032947142859,10.984793647666667,1.2337084684355006,0.07381526222289733,0.03378272646081659,0.0,5,3
330,117548176.21,0.0645324307589239,0.06023916682253372,13.664673708571428,11.224660713333332,1.2173796658583809,0.07741373462839535,0.0645324307589239,1.0,6,3
331,115525658.69,-0.01985515389972281,-0.09049459724205122,13.471330868571428,11.474373415999999,1.1740362963773558,0.051293922444885454,-0.01985515389972281,1.0,0,3
332,134867043.68,0.09146493504953646,0.06357150135079315,13.598100810000002,11.74590169,1.1576889683639096,0.05778868314614745,0.09146493504953646,0.0,1,3
333,103150900.84,-0.04143975030758784,0.008181944591368229,13.614599807142858,11.957496155333333,1.1385828295725955,0.06098244023997117,-0.04143975030758784,1.0,2,3
334,229272515.6,0.12375696991550789,0.22097264512320347,14.028070667142858,12.230012373666666,1.1470201532541147,0.06567540539608328,0.12375696991550789,0.0,3,3
335,185287456.96,-0.09005203757277536,0.1539754962815616,14.305456265714286,12.412676638333334,1.1524876287790815,0.07686593394395101,-0.09005203757277536,1.0,4,3
336,145102757.4,0.051996519825054044,0.17430691670355136,14.630076950000001,12.615791659,1.1596638043370848,0.07758992278800839,0.051996519825054044,0.0,5,3
337,90232803.5,-0.05229257725741665,0.04543492464997678,14.720153195714287,12.791166792666667,1.150806133194474,0.08037739627308278,-0.05229257725741665,1.0,6,3
338,102600691.55,-0.022166952978506793,0.04296913043053019,14.803649507142856,12.972973693666667,1.141114586116051,0.08052073535094526,-0.022166952978506793,0.0,0,3
339,112303590.08,-0.03974783161711115,-0.08241361046850437,14.628858351428573,13.135769598333333,1.1136658756015851,0.07297592295898556,-0.03974783161711115,0.0,1,3
340,94696338.79,0.04385523599520269,-0.0007645763552807106,14.627303958571428,13.314385065333335,1.0986090522991212,0.0739641771715981,0.04385523599520269,0.0,2,3
341,79074262.62,0.0006907320613664947,-0.11019405942917948,14.375553361428572,13.512123664333332,1.0639003696639007,0.05145383380101531,0.0006907320613664947,1.0,3,3
342,68715211.03,-0.0017729230775302973,-0.02386903453800826,14.325932564285713,13.711530972,1.0448091167602194,0.03954394665422125,-0.0017729230775302973,1.0,4,3
343,68049682.97,0.0005058192872011702,-0.07164644280993593,14.169243812857143,13.885915283,1.0204040226432904,0.031660286356921,0.0005058192872011702,0.0,5,3
344,64229338.03,0.008459372830536438,-0.012135155236425277,14.144092375714285,13.981467051666668,1.0116314921350282,0.025997398162242752,0.008459372830536438,1.0,6,3
345,260995136.25,0.040962788482624024,0.05164224770411363,14.248753962857142,14.145354687333333,1.0073097690237771,0.028448731200385092,0.040962788482624024,1.0,0,3
346,106780661.98,-0.047888481552415096,0.04272682769506253,14.331905087142857,14.249331951666667,1.005794877665583,0.030776330333270225,-0.047888481552415096,1.0,1,3
347,118813690.26,-0.038263963097016074,-0.03930360048078663,14.252061491428574,14.222882377333333,1.0020515612321834,0.02975454626837411,-0.038263963097016074,0.0,2,3
348,116277942.87,-0.0465704625406288,-0.08467591985620915,14.07992713857143,14.150333926333333,0.9950243727018429,0.03331036175156175,-0.0465704625406288,0.0,3,3
349,149987319.22,0.13468906204862452,0.040452864864078064,14.162016382857143,14.066224394333334,1.0068100711206056,0.06510560826516544,0.13468906204862452,0.0,4,3
350,223872586.73,0.11698027512664844,0.1615777788080821,14.490065011428571,14.155967986,1.0236011430485705,0.0768673890117565,0.11698027512664844,1.0,5,3
351,426120062.11,0.0913425265730281,0.25704541212938037,15.016354694285713,14.303577746666665,1.0498320742015161,0.08036891531889273,0.0913425265730281,1.0,6,3
352,216748600.52,0.04654548411716841,0.2637869614069952,15.578571120000001,14.492032426333333,1.0749749008077245,0.08045526129019955,0.04654548411716841,1.0,0,3
353,264028426.63,0.020107182708876348,0.35404113044145835,16.29701316857143,14.696855031666667,1.108877588671656,0.07222556246315907,0.020107182708876348,1.0,1,3
354,206011017.73,0.012025850615379419,0.42484483706776177,17.12614627857143,14.847176424,1.1534951690132504,0.06448650908280588,0.012025850615379419,1.0,2,3
355,173731885.57,-0.019538854230231273,0.4652419991289898,17.991834341428568,15.018042415333333,1.1980146176081519,0.05796904520640485,-0.019538854230231273,1.0,3,4
356,131061659.84,0.038004994370122835,0.3403923276662191,18.71052027857143,15.207863485666667,1.2303187950237717,0.046973995738519944,0.038004994370122835,0.0,4,4
357,483057739.57,0.13841613357451865,0.3661156648103834,19.573942455714285,15.523006612333331,1.26096335230331,0.05287956711549278,0.13841613357451865,1.0,5,4
358,426557980.35,0.06691324481206107,0.3355356922709456,20.437526662857145,15.904702624,1.284998980868537,0.05017947666002109,0.06691324481206107,1.0,6,4
359,264085329.41,-0.04476230724461949,0.2190144170881807,21.027451632857144,16.236296786333334,1.2950891394493782,0.060062425630789576,-0.04476230724461949,1.0,0,4
360,320886934.82,0.08583533388665465,0.2975586771937673,21.84505467714286,16.605610591,1.3155225191768956,0.06327929502734271,0.08583533388665465,0.0,1,4
361,676846221.32,0.06094180420364825,0.3602757708263764,22.846890467142856,17.034806997,1.3411886892036067,0.06242755898966465,0.06094180420364825,1.0,2,4
362,377988327.49,0.020994997041315022,0.4165117736714208,23.982474184285714,17.441062869333333,1.3750580663552427,0.056912605734961645,0.020994997041315022,1.0,3,4
363,282477938.07,0.02753153931272756,0.402219190803049,25.12076729,17.89263589833333,1.4039724181913273,0.0574868940022149,0.02753153931272756,1.0,4,4
364,270235257.75,-0.03372674290337474,0.19018596513237607,25.733499660000003,18.254273377333334,1.4097246780555923,0.05012758317628701,-0.03372674290337474,1.0,5,4
365,232938762.18,0.04062701793772905,0.16086258907134843,26.286437765714286,18.700264974,1.4056719411335485,0.04748854447287762,0.04062701793772905,0.0,6,4
366,308804545.9,0.02077319479911033,0.24050529282514277,27.07612943285714,19.140375699,1.4146080442021705,0.03741049384979125,0.02077319479911033,1.0,0,4
367,258183912.26,-0.03775835926844329,0.09930650721377887,27.430187581428573,19.571285280999998,1.4015526925080428,0.03684864560258546,-0.03775835926844329,1.0,1,4
368,342565805.3,-0.03500722891376562,-0.00011213766280371296,27.429763411428574,19.980900241333337,1.372799177220564,0.034321673647200644,-0.03500722891376562,0.0,2,4
369,221346738.91,0.05073455981671393,0.029012616069102437,27.541810081428572,20.454084939666664,1.346518808476084,0.03882769252341535,0.05073455981671393,0.0,3,4
370,240665351.49,-0.0870271219141584,-0.08571116920886435,27.201680312857142,20.826657047666668,1.306099209805959,0.050120320589734375,-0.0870271219141584,1.0,4,4
371,201720375.63,-0.011713481997082886,-0.0648821972507787,26.952890419999996,21.188985357666663,1.2720236464861125,0.04918440581876075,-0.011713481997082886,0.0,5,4
372,1155150688.03,0.2869753233817569,0.15648884359951598,27.577323155714286,21.792256112,1.2654643472425378,0.12296892984291628,0.2869753233817569,0.0,6,4
373,1219130981.38,-0.019410769628263602,0.11096226944118537,28.029290304285716,22.374386547000004,1.252740058164586,0.12422387473126224,-0.019410769628263602,1.0,0,4
374,793008154.45,0.002972575562493418,0.1579884319774858,28.6485046,22.955648133333334,1.2479937152547746,0.12194758309202361,0.002972575562493418,0.0,1,4
375,729130140.56,0.023386497587492894,0.22806072869780158,29.51106646428571,23.542106491666665,1.2535440052797278,0.11897685263325543,0.023386497587492894,1.0,2,4
376,1638622970.85,0.19582034549469052,0.39763177213475576,31.091272954285717,24.364604108666665,1.2760836505127668,0.1338552656382088,0.19582034549469052,1.0,3,4
377,1612232268.31,-0.0489030450727892,0.45599431756821884,32.74570932571429,25.14184154233333,1.3024387760370582,0.12770702471229556,-0.0489030450727892,1.0,4,4
378,1101380795.06,0.10165104117284707,0.6230087395425166,34.97962949,26.065582572999997,1.3419853322685222,0.12403959264057898,0.10165104117284707,0.0,5,4
379,1583800799.69,0.16275768765609144,0.466357477684358,37.13173061142857,27.151856098666666,1.3675577270480592,0.09442749572315101,0.16275768765609144,1.0,6,4
380,1357487872.14,-0.07159133129382078,0.3883274989550862,38.88896216857143,28.067462550333335,1.385553186321418,0.10335603459055455,-0.07159133129382078,1.0,0,4
381,904891996.11,-0.016770599552707544,0.36099874281861144,40.527383508571425,28.90822152333333,1.4019327849642933,0.10517972902999488,-0.016770599552707544,0.0,1,4
382,1021154320.38,0.03670256050238363,0.3787077363701026,42.286375111428576,29.773927423,1.4202484781622347,0.10474870658497917,0.03670256050238363,0.0,2,4
383,772259306.98,-0.05276949427758504,0.09209885187645606,42.79791528142857,30.548147935,1.4009986913934518,0.08849688894291624,-0.05276949427758504,1.0,3,4
384,534976437.19,0.011668726178055921,0.16165050115519208,43.65185531428572,31.331173650666667,1.3932403490846215,0.08395275789572233,0.011668726178055921,0.0,4,4
385,859524422.56,0.15252864200053073,0.2152990598096014,44.90481327857143,32.34527765833333,1.3882958048128644,0.09341260920635273,0.15252864200053073,1.0,5,5
386,571072187.45,-0.05286081321994485,-0.01006256469225808,44.83672187714286,33.247969805000004,1.3485551791616484,0.0771652598615144,-0.05286081321994485,1.0,6,5
387,609194251.88,-0.020415387677009678,0.04450498091681121,45.11631816,34.02735021466666,1.3258839690830144,0.07134796370678195,-0.020415387677009678,0.0,0,5
388,682976428.41,-0.06975562492705945,-0.011782110266932322,45.04354006,34.64962464933333,1.2999719482059857,0.07703465716271804,-0.06975562492705945,0.0,1,5
389,503781974.7,0.051346635797729245,0.0021770885783427563,45.05748150857143,35.38093439399999,1.2734960870963434,0.07836183300812519,0.051346635797729245,0.0,2,5
390,391497017.92,-0.0326754850826525,0.023436703330177222,45.19964366428571,35.997552032,1.2556310391358143,0.07632769494967578,-0.0326754850826525,1.0,3,5
391,514344600.94,-0.006918705006761838,0.0046330586163263465,45.228074760000005,36.55344998566667,1.2373134349215964,0.0764083501464698,-0.006918705006761838,0.0,4,5
392,451056654.56,0.055764357214023175,-0.07971417220055921,44.66429034,37.17103476133333,1.201588565580139,0.04851795485277088,0.055764357214023175,0.0,5,5
393,510603311.56,-0.027025755470660884,-0.05461159188406417,44.298462990000004,37.722765468333336,1.1743164224581224,0.045683945952628265,-0.027025755470660884,1.0,6,5
394,499528075.74,-0.03204500723471204,-0.06583523441819694,43.86645510285714,38.25837315133333,1.1465844334086213,0.04645398577153972,-0.03204500723471204,0.0,0,5
395,473731332.64,0.03886850962714572,0.04324668202381199,44.130442464285714,38.813225745666664,1.1369949705665137,0.040434972110635715,0.03886850962714572,0.0,1,5
396,1151668075.96,-0.04756118501036266,-0.054899117250043816,43.77811894714286,39.27806528066666,1.1145691274333516,0.03952858487215489,-0.04756118501036266,1.0,2,5
397,1016860656.29,-0.03437475411036728,-0.056559346711157144,43.42700114428572,39.73014186333334,1.0930492343488003,0.03971466817818001,-0.03437475411036728,0.0,3,5
398,504167711.24,0.04195375979430627,-0.010129844562423496,43.36455062571429,40.27156700233333,1.0768031604829718,0.043929328690022564,0.04195375979430627,0.0,4,5
399,500445721.9,0.01740356690092759,-0.046096394494203996,43.06451887142857,40.79300014566666,1.0556840320067316,0.037668000646522606,0.01740356690092759,1.0,5,5
400,1990976771.49,0.08604247686135102,0.06475566052791715,43.47460902857142,41.519782168666666,1.0470818187813131,0.049567940515301695,0.08604247686135102,1.0,6,5
401,1951921365.76,-0.007152860941604611,0.09213715436427572,44.03940497000001,42.245226546333335,1.0424705598796795,0.04686463060303255,-0.007152860941604611,1.0,0,5
402,2025388218.69,0.1930673403041212,0.25424262833065137,45.658475335714286,43.03216125433333,1.0610314240518535,0.0830180087445425,0.1930673403041212,0.0,1,5
403,2772224998.89,-0.3720876341972055,-0.17311805897538612,44.608457165714285,43.146537548333335,1.0338826636029204,0.1758865895169859,-0.3720876341972055,1.0,2,5
404,2487748626.09,0.27446130451248507,0.09134370887864485,45.14344227428571,43.57896065399999,1.0358999296175762,0.20525157302099686,0.27446130451248507,0.0,3,5
405,1769762028.27,-0.1325330988525416,-0.09141405141181846,44.58558326000001,43.78895425466667,1.0181924647183926,0.21442749722389232,-0.1325330988525416,1.0,4,5
406,1078751750.8,-0.193164612452845,-0.2794606586823275,42.850479574285714,43.53681502366667,0.9842355154136134,0.2273441341809032,-0.193164612452845,0.0,5,5
407,1925832341.42,-0.21161459391209891,-0.47694246467344814,39.63446834,43.12715927199999,0.9190141203140268,0.23164608814232898,-0.21161459391209891,0.0,6,5
408,1346786022.77,0.26711855511215643,-0.3324491935061876,37.40880620142857,42.81203444566666,0.8737918364730972,0.2638500887556914,0.26711855511215643,0.0,0,5
409,909470304.61,-0.04112360054426811,-0.46348484099699583,33.70682298142857,42.23301614066666,0.7981154570907353,0.2458282969689753,-0.04112360054426811,1.0,1,5
410,1069991364.89,0.18477593638266976,0.012323191116954124,33.76862762857143,41.95179282233334,0.8049388442487363,0.21565682508098555,0.18477593638266976,0.0,2,5
411,649389057.89,-0.055015046127470324,-0.2493846767456913,32.17460542571428,41.62997910133333,0.7728710443835843,0.1849151323720822,-0.055015046127470324,1.0,3,5
412,600255581.78,-0.13533928501491632,-0.25181285738358816,30.77838040857143,41.10375549066667,0.7487972824176662,0.18518758320452114,-0.13533928501491632,0.0,4,5
413,376859866.34,-0.057262286426025155,-0.12578916710638444,30.21564312,40.60095151933333,0.7442102214183808,0.1713929290402487,-0.057262286426025155,0.0,5,5
414,359661703.65,0.04479174197630309,0.1585301451554766,30.774773237142856,40.122506787333336,0.7670202014112051,0.14585203862305557,0.04479174197630309,0.0,6,5
415,534826504.42,0.14731451756933378,0.04899296850793444,30.993726808571427,39.56611426933333,0.7833401733006129,0.11765320006794948,0.14731451756933378,1.0,0,5
416,432053117.17,-0.05579509094498847,0.03294263055340463,31.134895758571425,39.03592337966667,0.7975959850046536,0.1188937358393067,-0.05579509094498847,1.0,1,6
417,497567417.82,0.09588610622100835,-0.04455564754040009,30.908681542857142,38.63667761166666,0.7999829036419014,0.10050164710897455,0.09588610622100835,0.0,2,6
418,960056106.14,0.16240249854875533,0.1752683447202783,31.749583788571424,38.52805597133333,0.8240639966935938,0.11413174313226654,0.16240249854875533,1.0,3,6
419,1056279506.22,-0.05208483328039182,0.28842986574799934,32.94612588571429,38.277772512,0.8607116800066082,0.09726023668538472,-0.05208483328039182,1.0,4,6
420,1112426663.75,0.05800683334150025,0.44596697746906244,34.690265867142855,38.14876336666667,0.9093418188610078,0.08713063552679094,0.05800683334150025,0.0,5,6
421,794387364.26,0.06878740566327468,0.47917640658283256,36.64822577,38.120542023,0.9613773526065901,0.0870322719239231,0.06878740566327468,1.0,6,6
422,923157613.83,-0.09563223428343837,0.16595706010590816,37.42623829571429,37.877235459,0.9880931869018296,0.09480414995730672,-0.09563223428343837,1.0,0,6
423,1786996802.01,0.08508315469049998,0.33992140146738925,38.93088874428572,37.783489388999996,1.0303677445847488,0.08935825242908751,0.08508315469049998,0.0,1,6
424,1218831040.77,0.012379369147289765,0.23781912684541284,40.08452610285714,37.75422751166666,1.0617228518440849,0.08714511031683894,0.012379369147289765,1.0,2,6
425,595246689.49,-0.022199990508705136,0.041239635572914324,40.31706407714286,37.638267681,1.0711721490172388,0.06759962583937482,-0.022199990508705136,1.0,3,6
426,518666602.77,-0.12293792389253544,-0.036589107798195464,40.121494922857146,37.42456023966667,1.072063229759263,0.0818555972846657,-0.12293792389253544,0.0,4,6
427,549070417.12,0.010974898515545561,-0.0794159373277783,39.67239324571428,37.272688190333334,1.0643823982624177,0.07790997610212608,0.010974898515545561,0.0,5,6
428,452988674.4,0.06390334655573993,-0.08362274866530084,39.166972834285716,37.141107205000004,1.0545451059954665,0.07711423888438093,0.06390334655573993,1.0,6,6
429,477871462.95,-0.001480056374584815,0.011779716205756463,39.231361324285714,36.98283203133334,1.0607992727827693,0.06721943937026344,-0.001480056374584815,1.0,0,6
430,605285143.4,0.06304318376577078,-0.008771331362359525,39.17933753857143,36.78125937466667,1.0651983701666412,0.0631646045033704,0.06304318376577078,0.0,1,6
431,576016901.76,-0.03523455086715943,-0.05539049803334195,38.84674309428572,36.54260640733333,1.063053430323733,0.06423013327615046,-0.03523455086715943,1.0,2,6
432,417775599.91,-0.011057513539464714,-0.04462624203168264,38.584731762857146,35.987727514,1.0721636076589403,0.06390697697294934,-0.011057513539464714,0.0,3,6
433,424163368.82,-0.06661972014726703,0.016720537654582035,38.67083318571429,36.03911464433333,1.0730239509863975,0.0481379222196559,-0.06661972014726703,0.0,4,6
434,264640750.32,-0.03534529689501731,-0.029862907741781353,38.51536821285715,35.726137576000006,1.0780725492903795,0.05006210960475755,-0.03534529689501731,0.0,5,6
435,452587531.23,-0.0008888242491847942,-0.08894467338269274,38.02273625428571,35.609776237,1.0677611676418945,0.04068747240400526,-0.0008888242491847942,0.0,6,6
436,760344541.01,-0.2453034525852097,-0.3114105392772494,36.30050015571429,35.45450350033333,1.0238614723619808,0.09618578263139649,-0.2453034525852097,0.0,0,6
437,1258580061.1,0.004293572102663568,-0.34946577920594424,34.24595853714286,35.52394042066667,0.964024771227791,0.0870807039461839,0.004293572102663568,0.0,1,6
438,1111302686.63,0.12240584311740266,-0.2431700251876071,32.866711467142856,35.48278430266667,0.9262720531396628,0.11050083019010293,0.12240584311740266,1.0,2,6
439,641150364.16,0.03767685237228524,-0.20587399490227098,31.711917364285714,35.52224953666667,0.8927339281131994,0.11362082765481217,0.03767685237228524,1.0,3,6
440,632052177.4,-0.07960519746407368,-0.21692212335374195,30.576212375714285,35.294217752,0.8663235601526156,0.11449236771929736,-0.07960519746407368,1.0,4,6
441,560342710.32,0.03533216919845317,-0.1595482673023818,29.77041534142857,35.16515988966667,0.8465883685680795,0.11684026661422343,0.03533216919845317,0.0,5,6
442,497353287.91,0.07459852512189058,-0.09604835346346985,29.28575519,35.26149701933333,0.8305306826293584,0.12205152854374592,0.07459852512189058,1.0,6,6
443,473612134.61,0.03126871611237969,0.2352210396943044,30.18152396142857,35.446542363333336,0.8514659526467379,0.06225555819348716,0.03126871611237969,1.0,0,6
444,471854279.1,0.028517555791225835,0.2650150911036715,31.195087644285714,35.622013782333326,0.8757249894658359,0.06110311188074398,0.028517555791225835,1.0,1,6
445,570984167.9,0.04988970040465435,0.18328528236936448,31.981876042857145,35.713352457333336,0.8955159301010965,0.04888738717967382,0.04988970040465435,1.0,2,6
446,474665320.76,-0.06053402854502832,0.0712932978779397,32.299447300000004,35.79397822966666,0.902370982424906,0.058012169071649515,-0.06053402854502832,1.0,3,7
447,440298779.57,0.018454311474337404,0.18542963853249383,33.05967868142857,35.79611708433333,0.9235548817639107,0.042023680760818395,0.018454311474337404,0.0,4,7
448,327019963.78,0.013472286485102458,0.1604006153511588,33.74053015142857,35.62971404100001,0.9469772929584138,0.04197140002892267,0.013472286485102458,1.0,5,7
449,303420519.91,-0.004878774303398892,0.07457739393077456,34.08070311428572,35.526231706,0.9593109507454418,0.035732646842398935,-0.004878774303398892,1.0,6,7
450,313839322.49,-0.03864735004922748,0.0017251654126311244,34.08881823857143,35.306204583333326,0.9655191953049358,0.03873083023736671,-0.03864735004922748,0.0,0,7
451,365336040.07,0.03894401285480864,0.011880018256781533,34.14629512714286,35.038229965666666,0.9745439527225604,0.040144798316547825,0.03894401285480864,0.0,1,7
